"ID","Name"
"ID-1001","Alice Johnson"
"ID-1001","Bob Smith"
"ID-1001","Carol Williams"
"ID-1001","David Brown"
"ID-1001","Emma Davis"
"ID-1001","Alice Johnson"
"ID-1001","Bob Smith"
"ID-1001","Carol Williams"
"ID-1001","David Brown"
"ID-1001","Emma Davis"
"ID-1001","Alice Johnson"
"ID-1001","Bob Smith"
"ID-1001","Carol Williams"
"ID-1001","David Brown"
"ID-1001","Emma Davis"
"ID-1001","Alice Johnson"
"ID-1001","Bob Smith"
"ID-1001","Carol Williams"
"ID-1001","David Brown"
"ID-1001","Emma Davis"
"ID-1001","Alice Johnson"
"ID-1001","Bob Smith"
"ID-1001","Carol Williams"
"ID-1001","David Brown"
"ID-1001","Emma Davis"
"ID-1001","Alice Johnson"
"ID-1001","Bob Smith"
"ID-1001","Carol Williams"
"ID-1001","David Brown"
"ID-1001","Emma Davis"
"ID-1001","Alice Johnson"
"ID-1001","Bob Smith"
"ID-1001","Carol Williams"
"ID-1001","David Brown"
"ID-1001","Emma Davis"
"ID-1001","Alice Johnson"
"ID-1001","Bob Smith"
"ID-1001","Carol Williams"
"ID-1001","David Brown"
"ID-1001","Emma Davis"
"ID-1001","Alice Johnson"
"ID-1001","Bob Smith"
"ID-1001","Carol Williams"
"ID-1001","David Brown"
"ID-1001","Emma Davis"
"ID-1001","Alice Johnson"
"ID-1001","Bob Smith"
"ID-1001","Carol Williams"
"ID-1001","David Brown"
"ID-1001","Emma Davis"
